ASIN,iSKU,Common Name,Phoenix Class,Brand,Size,Material Cost,Labor Cost,Total Unit Cost,Replenishment Type,Manufacturing Class,LEAD TIME,AMZ SAFETY DAYS,WH SAFETY DAYS,REORDER QTY (Days),Similar,in BOMMapping?,duplicate asin,count TKFG,STATUS,BATCH RUN
B00H4A36JG,DS-Face-Scrub-Charcoal-&-Bamboo,Face Scrubbie Charcoal & Bamboo,,DivaStuff,12 pads,0,0,0,WPP,?,10,0,60,0,3,1,1,1,Hibernated,
B00ES0Z206,DS-Face-Scrub-Indias-Secret,India’s Secret,,DivaStuff,12 pads,0,0,0,WPP,?,10,0,60,0,3,1,1,1,Hibernated,
B016E012MY,DS-Strawberry-Cell-Renewal-Scrubbie,Strawberry Cell Renewal,,DivaStuff,12 pads,0,0,0,WPP,?,10,0,60,0,3,0,1,0,Hibernated,
B08B789MG6,PS-Spray-Tops-24-Pack,Spray Bottle Tops,,Purisure,24 pcs,0,0,0,MOFO,Bundle - 24,10,0,60,0,,0,1,0,Hibernated,
B01BPCAWK4,TA-Cystic-Acne-Spot-Treatment-0.5oz,Cystic Spot Treatment,C,TreeActiv,0.5 oz,0.25,0.04,0.29,WPP,0.5 oz FG,10,35,60,45,3,6,1,1,Active,
B08F5J12YF,TA-Acne-Prone-Sunscreen-1.7oz,Acne-Prone Skin Facial Sunscreen,,TreeActiv,1.7 oz,5.37,0,5.37,,2-4 oz WL,10,0,60,0,3,2,1,1,Hibernated,
B00Z3MHEK4,DS-Spot-Treatment-Charcoal-Vodka-0.25oz,"Charcoal, Honeysuckle & Vodka",,DivaStuff,0.25 oz,0,0,0,WPP,0.25 oz jar,10,0,60,0,4,0,1,0,Hibernated,
B08B78K8S2,PS-Spray-Tops-100-Pack,Spray Bottle Tops,,Purisure,100 pcs,33.29,0,33.29,MOFO,Bundle-100,10,0,60,0,,2,1,0,Hibernated,
B07491MKT8,TA-Matcha-Lip-Scrub-0.25oz,Matcha Anti-Aging Lip Scrub,,TreeActiv,0.25 oz,0.08,0,0.08,,0.25 oz WL,10,0,60,0,3,8,1,1,Hibernated,
B081NLTJXQ,TA-Double-Stem-Cell-Serum-1oz,Double Stem Cell Anti-Aging Face Serum,,TreeActiv,1 oz,10.49,0,10.49,WPP,1 oz FG,10,0,60,0,3,2,1,1,Hibernated,
B08KBLNPGZ,AY-Warrior-One-Spot-Treatment-0.5oz,Warrior One,B,Ayadara,0.5 oz,2.97,0.22,3.19,MOFO,0.5 oz WL,10,40,60,45,3,5,1,1,Active,
B08KDG8XTZ,AY-Warrior-Two-Spot-Treatment-0.5oz,Warrior Two,B,Ayadara,0.5 oz,2.55,0.22,2.77,MOFO,0.5 oz WL,10,40,60,45,3,5,1,1,Active,
B06XRFGLZT,TA-Invisible-Acne-Spot-Treatment-0.5oz,Invisible Spot,B,TreeActiv,0.5 oz,2.97,0.2,3.17,MOFO,0.5 oz WL,10,40,60,45,3,6,1,1,Active,
B0B8ZKS4VP,TA-Milia-Spot-Treatment-0.5oz,TA-Milia-Spot-Treatment-0.5oz,C,TreeActiv,0.5 oz,2.55,0.13,2.68,MOFO,0.5 oz WL,10,35,60,45,5,0,1,0,Active,
B07DNKN94L,PS-Shilajit-25g,Shilajit,C,Purisure,25 g,1.45,0,1.45,MOFO,10-50g PWDR,10,0,60,0,5,3,1,0,Hibernated,
B07B1GDVT1,PS-Alpha-GPC-25g,Alpha GPC 50% Powder,C,Purisure,25 g,2.02,0.41,2.43,MOFO,10-50g PWDR,10,35,60,45,5,4,1,0,Active,
B010OITYD6,TH-Matcha-Green-Tea-2oz-Organic,Matcha Green Tea Powder,C,Teaki Hut,2 oz,4.62,0,4.62,MOFO,10-50g PWDR,10,0,60,0,5,3,1,0,Hibernated,
B07GSGLKNH,TA-Deep-Wrinkle-Serum-1oz,Deep Wrinkle Serum,C,TreeActiv,1 oz,2.56,0.21,2.77,WPP,1 oz FG,10,35,60,45,3,2,1,1,Active,
B08BR78S67,TA-Stem-Cell-Eye-Serum-1oz,Advanced Stem Cell Peptide Eye Serum,,TreeActiv,1 oz,7.56,0,7.56,WPP,1 oz FG,10,0,60,0,3,2,1,1,Hibernated,
B08JS3R6KW,AY-Rose-To-The-Occasion-Eye-Serum-1oz,Rose Stem Cell Eye Serum,,Ayadara,1 oz,0.06,0,0.06,WPP,1 oz FG,10,0,60,0,3,2,1,1,Hibernated,
B08JS5JJB3,AY-Vitamin-C-Me-Glow-Serum-1oz,Enhanced Vitamin C Serum,,Ayadara,1 oz,0,0,0,WPP,1 oz FG,10,0,60,0,3,1,1,1,Hibernated,
B07KPD8RXP,TA-Shingles-Relief-Balm-1oz,Shingles Symptom Relief Balm,,TreeActiv,1 oz,0.08,0,0.08,WPP,1 oz FG,10,0,60,0,3,8,1,1,Hibernated,
B07JJRDXLY,DivaStuffAcneGel-1oz,Acne Gel Spot Treatment,,DivaStuff,1 oz,0,0,0,WPP,1 oz bottle,10,0,60,0,3,0,1,0,Hibernated,
B07K8WYXN7,TA-Skin-Brightening-Serum-1oz,Skin Brightening Serum,,TreeActiv,1 oz,0.3,0,0.3,WPP,1 oz FG,10,0,60,0,3,6,1,1,Hibernated,
B081NYVSLP,TA-Vitamin-C-Hyaluronic-Acid-Serum-1oz,Vitamin C + Hyaluronic Acid Serum,,TreeActiv,1 oz,0.07,0,0.07,WPP,1 oz FG,10,0,60,0,3,2,1,1,Hibernated,
B08JRWW595,AY-Garden-of-Youth-Stem-Cell-Serum-1oz,Double Stem Cell Serum,,Ayadara,1 oz,0.07,0,0.07,,1 oz FG,10,0,60,0,3,2,1,1,Hibernated,
B081NMZ5JZ,TA-Advanced-Stem-Cell-Peptide-Eye-Serum,Advanced Eye Serum (old ???),,TreeActiv,,0,0,0,,2-4 oz FG,10,0,60,0,3,1,1,1,Hibernated,
B07DP6513C,PS-Stevia-Powder-30g,Stevia Powder,,Purisure,30 g,1.42,0,1.42,,10-50g PWDR,10,0,60,0,5,2,1,0,Hibernated,
B01N2HMSQK,PS-Sucralose-50g,Sucralose Powder,,Purisure,50 g,0.15,0,0.15,,10-50g PWDR,10,0,60,0,5,2,1,0,Hibernated,
B0BCWSFT2Q,WHYZ-ALCAR-Powder-125g,WHYZ-ALCAR-Powder-125g,C,WHYZ,125 g,5,0.41,5.41,MOFO,100-150g PWDR,10,35,60,45,5,0,1,0,Active,
B07PRYV8CF,NS-Monk-Fruit-Powder-4oz-Organic,Monk Fruit,A,NatriSweet,100 g,5.97,0.92,6.89,MOFO,100-150g PWDR-MF,10,45,60,30,3,4,1,0,Active,MONK FRUIT POWDER BATCH
B00U31XAF8,TH-Black-Tea-4oz,Black Tea,A,Teaki Hut,4 oz,1.43,0.65,2.08,MOFO,100-150g PWDR,10,45,60,30,5,5,1,0,Active,Black Tea Powder Batch
B07D426F92,PS-Shilajit-100g,Shilajit Powder 12:1 Extract 100g,A,Purisure,100 g,3.23,0.55,3.78,MOFO,100-150g PWDR,10,45,60,30,5,4,1,0,Active,
B06Y5W4DMN,PS-Agmatine-100g,Agmatine Sulfate Powder,C,Purisure,100 g,3.3,0.5,3.8,MOFO,100-150g PWDR,10,35,60,45,5,3,1,0,Active,
B01M6CJM8U,PS-Longjack-200:1-100g,Longjack 200:1 Extract Powder,C,Purisure,100 g,3.12,0.36,3.48,MOFO,100-150g PWDR,10,35,60,45,5,3,1,0,Active,
B08C4VYDJN,PS-Green-Coffee-Bean-Extract-150g,Green Coffee Bean Extract,B,Purisure,150 g,5.06,0.05,5.11,MOFO,100-150g PWDR,10,40,60,45,5,3,1,0,Active,
B010OITYIQ,TH-Matcha-Green-Tea-4oz-Organic,Matcha Tea Powder,C,Teaki Hut,4 oz,4.14,0,4.14,MOFO,100-150g PWDR,10,0,60,0,5,3,1,0,Hibernated,
B0B6WT8KTQ,TH-Matcha-Green-Tea-5oz-Organic,"Teaki Hut Organic Matcha Green Tea Powder, 5oz,",C,Teaki Hut,5 oz,5.48,0.06,5.54,MOFO,100-150g PWDR,10,35,60,45,5,0,1,0,Active,
B00U31UEBQ,TH-Green-Tea-4oz,Green Tea Powder,B,Teaki Hut,4 oz,2.11,0.49,2.6,MOFO,100-150g PWDR,10,40,60,45,5,3,1,0,Active,
B00U324G6Y,PS-Iced-Tea-4oz,Iced Tea Powder,A,Purisure,4 oz,1.27,0.74,2.01,MOFO,100-150g PWDR,10,45,60,30,5,5,1,0,Active,Black Tea Powder Batch
B01N7FYVEM,NS-Stevia-Powder-4oz-Organic,Stevia Powder,B,NatriSweet,4 oz,4.69,0.31,5,MOFO,100-150g PWDR,10,40,60,45,2,3,1,0,Active,TSG90 Stevia Powder Batch
B06XW84324,TH-Pu-Erh-Tea-4oz,Pu-erh Tea,C,Teaki Hut,4 oz,3.38,0.48,3.86,MOFO,100-150g PWDR,10,35,60,45,5,4,1,0,Active,
B07RWYTR67,NS-Monk-Fruit-Stevia-Blend-4X-4oz,Monk Fruit and Stevia Blend,C,NatriSweet,4 oz,2.14,0,2.14,MOFO,100-150g PWDR,10,0,60,0,5,3,1,0,Hibernated,
B07XG5X6NH,PS-Monk-Fruit-Stevia-Blend-4X-4oz,Stevia & Monk Fruit Sweetener Blend,C,Purisure,4 oz,2.59,0,2.59,MOFO,100-150g PWDR,10,0,60,0,2,4,1,0,Hibernated,
B07PMLB7SP,PS-Monk-Fruit-Extract-125g-Organic,Monk Fruit,A,Purisure,125 g,7.51,0.43,7.94,MOFO,100-150g PWDR-MF,10,45,60,30,3,3,1,0,Active,MONK FRUIT POWDER BATCH
B07D41C32Z,PS-Stevia-Powder-125g-Organic,Stevia Powder,A,Purisure,125 g,5.05,0.48,5.53,MOFO,100-150g PWDR,10,45,60,30,3,0,1,0,Active,TSG90 Stevia Powder Batch
B01LWQHD96,PS-CDP-Choline-10g,CDP Choline Powder,C,Purisure,10 g,2.17,0.41,2.58,MOFO,100-150g PWDR,10,35,60,45,5,4,1,0,Active,
B07DNKPXJ7,PS-L-Theanine-100g,L-Theanine Powder,C,Purisure,100 g,2.5,0.32,2.82,MOFO,100-150g PWDR,10,35,60,45,5,4,1,0,Active,
B07B1PS9PP,PS-Alpha-GPC-100g,GPC 50% Powder,C,Purisure,100 g,5.95,0.34,6.29,MOFO,100-150g PWDR,10,35,60,45,5,4,1,0,Active,
B07RCVVX4R,PS-Dihydromyricetin-DHM-100g,Dihydromyricetin (DHM) Powder,A,Purisure,100 g,7.35,0.8,8.15,MOFO,100-150g PWDR,10,45,60,30,5,5,1,0,Active,
B08KGYJ4TL,TH-Monk-Fruit-4oz-Organic,Monk Fruit Extract Powder 4oz,A,Teaki Hut,4 oz,6.86,0.51,7.37,MOFO,100-150g PWDR-MF,10,45,60,30,2,4,1,0,Active,MONK FRUIT POWDER BATCH
B01LWQHBXA,PS-CDP-Choline-50g,CDP Choline Powder,B,Purisure,50 g,9.77,0.31,10.08,MOFO,100-150g PWDR,10,40,60,45,5,3,1,0,Active,
B0B7RY2SXG,PS-Black-Tea-Powder-125g,PS-Black-Tea-Powder-125g,A,Purisure,125g,1.49,0.78,2.27,,100-150g PWDR,10,45,60,30,5,0,1,0,Active,Black Tea Powder Batch
B0B5LKN9BT,PS-Organic-Wheat-Grass-150g,Organic Wheat Grass 150g,C,Purisure,150g,2.98,0.41,3.39,,100-150g PWDR,10,35,60,45,5,0,1,0,Active,
B08FVSG7KR,TA-Aloe-Vera-Gel-16oz,Aloe Vera Gel,,TreeActiv,16 oz,4.96,0,4.96,WPP,16 oz WL,10,0,60,0,3,2,1,1,Hibernated,
B01M2D2YU7,PS-Longjack-100:1-25g,Longjack 100:1 Extract Powder,,Purisure,25 g,1.25,0,1.25,MOFO,100-150g PWDR,10,0,60,0,5,3,1,0,Hibernated,
B08KWL8VQ2,AY-Here-Comes-The-Sun-Room-Spray-16oz,Room Spray,C,Ayadara,16 oz,2.12,2.21,4.33,MOFO,16 oz IHM Spray,10,35,60,45,4,12,1,0,Active,
B08P23HP1V,TA-Sleep-Spray-Calming-Lavender-16oz,Sleep Spray,C,TreeActiv,16 oz,2.93,1,3.93,MOFO,16 oz IHM Spray,10,35,60,45,4,12,1,0,Active,
B018RXGGTA,NS-Toffee-Stevia-Liquid-2oz,Toffee Stevia Liquid Drops,,NatriSweet,2 oz,0,0,0,MOFO,2 fl oz Drops,10,0,60,0,1,9,1,0,Hibernated,
B0889RNJ64,PS-Eucalyptus-Hand-Purifying-Spray-2oz,Purifying Travel Spray Eucalyptus,,Purisure,2 oz,0.5,0,0.5,MOFO,2 oz SANI,10,0,60,0,4,5,1,0,Hibernated,
B0889XBZ6X,PS-Peppermint-Hand-Purifying-Spray-2oz,Purifying Travel Spray Peppermint,,Purisure,2 oz,0.53,0,0.53,MOFO,2 oz SANI,10,0,60,0,4,5,1,0,Hibernated,
B074D4G6YZ,NS-Stevia-Liquid-Original-TD-2oz,Original Stevia Liquid Drops,,NatriSweet,2 oz,0.01,0,0.01,MOFO,2 fl oz Drops,10,0,60,0,1,8,1,0,Hibernated,
B07K8X9MJF,TA-Dark-Circles-Eye-Gel-2oz,Dark Circles Eye Gel,,TreeActiv,2 oz,0,0,0,WPP,2-4 oz WL,10,0,60,0,3,0,1,0,Hibernated,
B08G1VHSLJ,TA-Euc-Trvl-Spry-2oz,Eucalyptus Travel Spray,,TreeActiv,2 oz,0.34,0,0.34,MOFO,2 oz SANI,10,0,60,0,4,5,1,0,Hibernated,
B08F2VLB1B,TA-Hand-Sanitizer-Spray-2oz,Hand Sanitizer Spray,,TreeActiv,2 oz,0,0,0,MOFO,2 oz SANI,10,0,60,0,4,0,1,0,Hibernated,
B08G1WX8YH,TA-Lemon-Trvl-Spry-2oz,Lemon Travel Spray,,TreeActiv,2 oz,0.47,0,0.47,MOFO,2 oz SANI,10,0,60,0,4,5,1,0,Hibernated,
B08G1YK3VN,TA-Lvndr-Trvl-Spry-2oz,Lavender Travel Spray,,TreeActiv,2 oz,0.39,0,0.39,MOFO,2 oz SANI,10,0,60,0,4,5,1,0,Hibernated,
B08G1WGQR4,TA-Pprmnt-Trvl-Spry-2oz,Peppermint Travel Spray,,TreeActiv,2 oz,0.37,0,0.37,MOFO,2 oz SANI,10,0,60,0,4,6,1,0,Hibernated,
B08G1WL2HN,TA-Ttree-Trvl-Spry-2oz,Tea Tree Travel Spray,,TreeActiv,2 oz,0.38,0,0.38,MOFO,2 oz SANI,10,0,60,0,4,5,1,0,Hibernated,
B08DHKZWRC,TA-Adv-Hand-Sanitizer-2oz,Advanced Hand Sanitizer Gel,,TreeActiv,2 oz x 5,0,0,0,MOFO,2 oz SANI,10,0,60,0,4,0,1,0,Hibernated,
B018RVKQ16,NS-Chocolate-Stevia-Liquid-2oz,Chocolate Stevia Liquid Drops,,NatriSweet,2 oz,0.93,0,0.93,,2 fl oz Drops,10,0,60,0,1,9,1,0,Hibernated,
B018RVKWAG,NS-Stevia-Liquid-Vanilla-2oz,Vanilla Stevia Liquid Drops,,NatriSweet,2 oz,0.7,0,0.7,,2 fl oz Drops,10,0,60,0,1,9,1,0,Hibernated,
B08FKQZJ9J,PS-Adv-Hand-Sanitizer-2oz,Travel Size Advanced Hand Sanitizer,,Purisure,2 oz,0.39,0,0.39,,2 oz SANI,10,0,60,0,4,4,1,0,Hibernated,
B01GKHN17K,TA-Acne-Tea-Tree-Oil-2oz,Tea Tree Essential Oil,,TreeActiv,2 oz,4.48,0,4.48,,2 oz SANI,10,0,60,0,3,7,1,0,Hibernated,
B01BPDN5L6,TA-Acne-Eliminating-Face-Cream-2oz,Face Cream,A,TreeActiv,2 oz,1.94,0.22,2.16,MOFO,2-4 oz WL,10,45,60,30,3,3,1,0,Active,
B07WWXR1DB,AY-Breakout-Warrior-Acne-Cream-2oz,Breakout Warrior,B,Ayadara,2 oz,1.93,0.6,2.53,MOFO,2-4 oz WL,10,40,60,45,3,3,1,0,Active,
B07HHFNXVW,TA-Acne-Scar-Cream-2oz,Acne Scar Cream,C,TreeActiv,2 oz,3.36,0.24,3.6,MOFO,2-4 oz WL,10,35,60,45,3,4,1,0,Active,
B09BCSL46R,TA-Retinol-Cream-2oz,Retinol Cream,C,TreeActiv,2 oz,3.85,0.13,3.98,WPP,2-4 oz WL,10,35,60,45,3,2,1,1,Active,
B01ETIITYM,TA-Oil-Free-Skin-Repair-Serum-2oz,Oil-Free Advanced Skin Repair Serum,C,TreeActiv,2 oz,1.49,0.26,1.75,WPP,2-4 oz FG,10,35,60,45,3,5,1,2,Active,
B0965WMQFM,AY-Scars-No-More-2oz,Acne Scar Cream,B,Ayadara,2 oz,1.94,0.49,2.43,MOFO,2-4 oz WL,10,40,60,45,3,3,1,0,Active,
B08JS1KZHP,AY-Rose-Shine-Stem-Cell-Peptide-Cream-2oz,Rose Stem Cell Peptide Cream,,Ayadara,2 oz,7.56,0,7.56,WPP,2-4 oz WL,10,0,60,0,3,2,1,1,Hibernated,
B076QLXKF7,TA-Acne-Mask-Charcoal-2oz,Charcoal Mask,,TreeActiv,2 oz,0.03,0,0.03,WPP,2-4 oz WL,10,0,60,0,3,7,1,1,Hibernated,
B081NLN9VW,TA-Stem-Cell-Peptide-Firming-Cream-2oz,Peptide Firming Cream,,TreeActiv,2 oz,0,0,0,,2-4 oz WL,10,0,60,0,3,1,1,1,Hibernated,
B08CL3YNKH,PS-Longjack-200:1-3.5oz,Longjack-200:1 Powder,,Purisure,3.5 oz,2.63,0,2.63,WPP,100-150g PWDR,10,0,60,0,5,3,1,0,Hibernated,
B08CK3FLGL,PS-Panax-Ginseng-Powder-4oz,Organic Panax Ginseng Extract Powder,,Purisure,4 oz,0,0,0,MOFO,100-150g PWDR,10,0,60,0,5,0,1,0,Hibernated,
B06XW9VFZF,TH-Jasmine-Green-Tea-4oz,Jasmine Green Tea Powder,C,Teaki Hut,4 oz,0.19,0,0.19,MOFO,100-150g PWDR,10,0,60,0,5,4,1,0,Hibernated,
B00LFSOSRM,PS-Stevia-Powder-125g-Organic,Stevia Powder,A,Purisure,125 g,5.05,0.61,5.66,,100-150g PWDR,10,45,60,30,2,0,1,0,Active,TSG90 Stevia Powder Batch
B07Q395X52,TH-Matcha-With-Stevia-4oz,Matcha Green Tea Powder Sweetened With Stevia,,TreeActiv,4 oz,1.86,0,1.86,,100-150g PWDR,10,0,60,0,3,3,1,0,Hibernated,
B01N64M32B,PS-Sucralose-100g,Sucralose Powder,,Purisure,100 g,0.15,0,0.15,,100-150g PWDR,10,0,60,0,5,2,1,0,Hibernated,
B0B21J8WRZ,TH-Monk-Fruit-Stevia-Blend-4X-4oz,Monk Fruit Stevia Blend,C,Teaki Hut,4 oz,2.41,0,2.41,,100-150g PWDR,10,0,60,0,2,0,1,0,Hibernated,
B07GD551KC,OPTML-Golf,Golf,,OPTML,120 caps,7.89,0,7.89,MOFO,Caps WL,10,0,60,0,3,6,1,0,Hibernated,
B07SZ9KQP6,PS-Myo-Inositol-Capsules,Myo-Inositol Capsules,,Purisure,120 caps,0,0,0,MOFO,Caps WL,10,0,60,0,3,1,1,0,Hibernated,
B00NMKXPEI,OPTML-NootropX,NootropX,,OPTML,120 caps,0.35,0,0.35,MOFO,Caps WL,10,0,60,0,3,6,1,0,Hibernated,
B06WVDW1PR,OPTML-Boost,OPTML-Boost,C,OPTML,120 caps,4.66,0.55,5.21,MOFO,Caps WL,10,35,60,45,3,2,1,1,Active,
B07DNJ69FR,PS-Caffeine-Theanine-Capsules-120,Caffeine + L-Theanine,C,Purisure,120 caps,4.94,0.08,5.02,MOFO,Caps WL,10,35,60,45,3,0,1,0,Active,
B07XP8QJF4,OPTML-Sleep,OPTML-Sleep,C,OPTML,60 caps,4.98,1.41,6.39,WPP,Caps WL,10,35,60,45,3,1,1,1,Active,
B07RMX2PV1,PS-Alpha-GPC-Capsules,Alpha GPC Capsules,,Purisure,60 caps,5.75,0,5.75,MOFO,Caps WL,10,0,60,0,3,1,1,0,Hibernated,
B08B3KBJCC,PS-DHM-Capsules,Dihydromyricetin (DHM) Capsules,,Purisure,60 caps,3.5,0,3.5,MOFO,Caps WL,10,0,60,0,3,1,1,0,Hibernated,
B0165YIFM4,TA-Hair-Savior-60,Hair Savior,C,TreeActiv,60 caps,6.54,,6.54,WPP,Caps WL,10,35,60,45,3,4,1,1,Active,
B0161V558I,TA-Skin-Savior,Skin Savior,,TreeActiv,60 caps,3.95,0,3.95,WPP,Caps WL,10,0,60,0,3,2,1,1,Hibernated,
B07VBLLFM7,OPTML-Hair-Nails,Hair and Nails,C,OPTML,60 caps,5.32,0.45,5.77,,Caps WL,10,35,60,45,3,1,1,1,Active,
B08GPMB1SL,OPTML-Mshrm-Cmplx-90Caps,Mushroom,,OPTML,90 caps,0,0,0,,Caps WL,10,0,60,0,3,1,1,0,Hibernated,
B07GD5DBH6,OPTML-Running,OPTML-Running,,OPTML,120 caps,7.35,0,7.35,,Caps WL,10,0,60,0,3,4,1,0,Hibernated,
B07GD3C2T4,OPTML-Tennis,OPTML Tennis,,OPTML,120 caps,7.65,0,7.65,,Caps WL,10,0,60,0,3,6,1,0,Hibernated,
B0B94B1FCV,TA-Skin-Vitamin,TA-Skin-Vitamin,C,TreeActiv,60 caps,3.67,0.32,3.99,,Caps WL,10,0,60,0,5,0,1,0,Hibernated,
B0B8J4DJGK,AY-Hair-Skin-Nails-Vitamins,AY-Hair-Skin-Nails-Vitamins,B,Ayadara,60 caps,4.97,0.29,5.26,,Caps WL,10,40,60,45,5,0,1,0,Active,
B0BCWNFB7G,WHYZ-Shilajit-Powder-50g,WHYZ-Shilajit-Powder-50g,B,WHYZ,50 g,1.92,0.32,2.24,MOFO,100-150g PWDR,10,40,60,45,5,0,1,0,Active,
B0BD8LPJKQ,WHYZ-Organic-MonkFruit-Powder-5oz,WHYZ-Organic-MonkFruit-Powder-5oz,A,WHYZ,5 oz,8.99,0.73,9.72,,100-150g PWDR-MF,10,45,60,30,5,5,1,0,Active,MONK FRUIT POWDER BATCH
B0B68FBPQG,PS-Organic-Spirulina-16oz,PS-Organic-Spirulina-16oz,C,Purisure,16 oz,6.9,1.24,8.14,,16oz/500g PWDR,10,35,60,45,5,0,1,0,Active,
B07DP6KPLD,PS-Stevia-Powder-500g,Stevia Powder,,Purisure,500 g,20.05,0,20.05,MOFO,16oz/500g PWDR,10,0,60,0,5,2,1,0,Hibernated,
B07D42TH9P,PS-Citric-Acid-16oz,Citric Acid Powder,,Purisure,16 oz,10.08,0,10.08,,16oz/500g PWDR,10,0,60,0,5,3,1,0,Hibernated,
B01MFFVRX9,PS-Spirulina-Organic-1kg,Spirulina Powder,C,Purisure,1000 g,14.59,0,14.59,,1kg PWDR,10,0,60,0,5,3,1,0,Hibernated,
B07D41F8GD,PS-Myo-Inositol-1kg,Myo Inositol Powder,C,Purisure,1000 g,22.57,1.34,23.91,MOFO,1kg PWDR,10,35,60,45,5,3,1,0,Active,
B01NA6978W,PS-Vitamin-C-1kg,Vitamin C Powder,C,Purisure,1000 g,7.96,1.23,9.19,MOFO,1kg PWDR,10,0,60,0,5,4,1,0,Hibernated,
B01L7KT048,PS-Beta-Alanine-1kg,Beta Alanine Powder,C,Purisure,1000 g,8,1.04,9.04,MOFO,1kg PWDR,10,35,60,45,5,3,1,0,Active,
B08QD34975,TA-Toilet-Spray-Summer-Breeze-2oz,Toilet Spray,C,TreeActiv,2 oz,0.6,0,0.6,MOFO,2 oz IHM Spray,10,0,60,0,4,6,1,1,Hibernated,
B07VGGHRWN,OPTML-Pain-Relief-Gel-3oz,Pain Relief Gel Roll On,,OPTML,3 oz,0,0,0,WPP,2-4 oz WL,10,0,60,0,3,1,1,1,Hibernated,
B00LFTBDLU,TC-Thermachill-Roll-On-3oz,Thermachill Roll-On Pain Relief,,Thermachill,3 oz,0.09,0,0.09,WPP,2-4 oz WL,10,0,60,0,3,2,1,1,Hibernated,
B08MH9WPKV,TA-Acne-Eliminating-Face-Cleanser-3.4oz,Face Cleanser/Wash 3.4 oz,C,TreeActiv,3.4 oz,0.06,0.12,0.18,MOFO,2-4 oz FG,10,35,60,45,3,6,1,2,Active,
B08KD89N97,AY-Charcoal-To-Sparkle-Acne-Wash-3.4oz,Charcoal Face Wash,C,Ayadara,3.4 oz,1.7,0.07,1.77,WPP,2-4 oz FG,10,35,60,45,3,5,1,1,Active,
B01M8L2OO3,DS-Slimming-Gel-4oz,Slimming Gel,,DivaStuff,4 oz,0,0,0,WPP,4 oz bottle,10,0,60,0,3,0,1,0,Hibernated,
B08HM5NB9C,TA-Room-Spray-Citrus-4oz,Room Spray,C,TreeActiv,4 oz,1.24,0.17,1.41,MOFO,4 oz IHM Spray,10,35,60,45,4,13,1,0,Active,
B01BPBXJIM,TA-Balancing-Herbal-Toner-4oz,Balancing Herbal Toner,B,TreeActiv,4 oz,1.75,0.28,2.03,MOFO,4 oz IHM Spray,10,40,60,45,4,11,1,0,Active,
B08JQRDGPT,AY-Smell-the-Roses-Stem-Cell-Toner-4oz,Rose Stem Cell Toner,,Ayadara,4 oz,4.7,0,4.7,WPP,4 oz IHM Spray,10,0,60,0,3,1,1,1,Hibernated,
B081NLH2FK,TA-Anti-Aging-Stem-Cell-Toner-4oz,Anti-Aging Stem Cell Toner,,TreeActiv,4 oz,0,0,0,WPP,4 oz IHM Spray,10,0,60,0,3,0,1,0,Hibernated,
B086WRDNSK,EVORA-Hand-Sanitizer-4oz,Hand Sanitizer,,Evora,4 oz,0,0,0,WPP,4 oz bottle,10,0,60,0,3,0,1,0,Hibernated,
B07NBR2319,TA-DHT-Blocking-Hair-Spray-4oz,DHT Blocking Hair Growth Spray,,TreeActiv,4 oz,0.45,0,0.45,WPP,4 oz IHM Spray,10,0,60,0,3,5,1,1,Hibernated,
B08M2Q3D49,AY-Here-Comes-The-Sun-Spray-4oz-16oz,Room Spray 2 pack,,Ayadara,4 oz / 16 oz,3.76,0,3.76,MOFO,Bundle-2,10,0,60,0,4,26,1,0,Hibernated,
B08JXPZSHD,AY-Sun-Salutation-Goddess-1.7oz,Facial Sunscreen,,Ayadara,1.7 oz,1.91,0,1.91,,2-4 oz WL,10,0,60,0,3,11,1,0,Hibernated,
B01BMHEFM8,TC-Thermachill-Spray-4oz,Thermachill Pain Relief Spray,,Thermachill,4 oz,0.09,0,0.09,,2-4 oz WL,10,0,60,0,4,2,1,1,Hibernated,
B08KD5W3DQ,AY-Exfoliate-Bad-Vibes-Acne-Scrub-4oz,Exfoliating Face Scrub,C,Ayadara,4 oz,4.28,0.3,4.58,MOFO,2-4 oz WL,10,35,60,45,3,2,1,0,Active,
B08JRS5C34,AY-Rose-Above-Stem-Cell-Cleanser-4oz,Rose Stem Cell Cleanser,,Ayadara,4 oz,5.06,0,5.06,WPP,2-4 oz WL,10,0,60,0,3,2,1,1,Hibernated,
B00U1J83SQ,TA-Four-In-One-Acne-Treatment-4oz,Four-in-One,B,TreeActiv,4 oz,4.19,0.25,4.44,MOFO,2-4 oz WL,10,40,60,45,3,3,1,0,Active,
B07HHF7Q3M,TA-Eczema-Cream-4oz,Eczema Cream,,TreeActiv,4 oz,7.07,0,7.07,WPP,2-4 oz WL,10,0,60,0,3,4,1,1,Hibernated,
B01M3PCVIH,TA-Weekly-Hair-Repair-Treatment-4oz,Weekly Hair Repair Treatment,,TreeActiv,4 oz,0.01,0,0.01,WPP,2-4 oz WL,10,0,60,0,3,4,1,1,Hibernated,
B07DDF9FFJ,TA-Crepey-Skin-Microdermbrasion-Mask-4oz,Crepey Skin Microdermabrasion Mask,,TreeActiv,4 oz,0.06,0,0.06,,2-4 oz WL,10,0,60,0,3,4,1,1,Hibernated,
B01BPACNX0,TA-Face-Exfoliating-Acne-Scrub-Pads-4oz,Face Exfoliating Acne Scrub Pads,,TreeActiv,4 oz,0.01,0,0.01,,2-4 oz WL,10,0,60,0,3,7,1,1,Hibernated,
B07B1M5SD3,PS-Citrulline-Malate-1kg,Purisure Citrulline Malate 2:1,C,Purisure,1000 g,12.27,2.03,14.3,,1kg PWDR,10,35,60,45,5,3,1,0,Active,
B08CK8XV4N,PS-Activated-Charcoal-1lb,Organic Activated Charcoal,,Purisure,1 lb,0,0,0,MOFO,1lb PWDR,10,0,60,0,5,0,1,0,Hibernated,
B08D6YP8L6,PS-Slippery-Elm-Bark-Powder-1lb,Organic Slippery Elm Bark Powder,,Purisure,1 lb,0,0,0,MOFO,1lb PWDR,10,0,60,0,5,0,1,0,Hibernated,
B08BWL22BY,PS-Sunflower-Lecithin-1lb,Sunflower Lecithin Powder,,Purisure,1 lb,0,0,0,MOFO,1lb PWDR,10,0,60,0,5,0,1,0,Hibernated,
B012A3Y8LG,PS-Stevia-Powder-225g,Stevia Powder,,Purisure,225 g,9.27,0,9.27,MOFO,170-225g PWDR,10,0,60,0,5,2,1,0,Hibernated,
B08CRVFX99,PS-Barley-Grass-Powder-10oz,Organic Barley Grass Powder,,Purisure,10 oz,0,0,0,MOFO,250-350g PWDR,10,0,60,0,5,0,1,0,Hibernated,
B00NOZG7CS,PS-Citrulline-Malate-250g,Citrulline Malate,C,Purisure,250 g,3.1,0.38,3.48,MOFO,250-350g PWDR,10,35,60,45,5,4,1,0,Active,
B01N1G55Q8,PS-Vitamin-C-250g,Vitamin-C Powder,C,Purisure,250 g,2.11,0,2.11,MOFO,250-350g PWDR,10,0,60,0,5,4,1,0,Hibernated,
B01M2CNN05,PS-Spirulina-Organic-250g,Spirulina Powder,C,Purisure,250 g,4.43,0,4.43,MOFO,250-350g PWDR,10,0,60,0,5,3,1,0,Hibernated,
B01M9DP25F,TA-Anti-Acne-Pillow-Spray-4oz,Pillow Spray,A,TreeActiv,4 oz,0.98,0.26,1.24,MOFO,4 oz IHM Spray,10,45,60,30,4,14,1,0,Active,
B08KSL8YHJ,AY-Mystical-Mist-4oz,Acne Prone Skin Facial Toner / Face Spray,C,Ayadara,4 oz,1.62,0,1.62,MOFO,4 oz IHM Spray,10,35,60,45,4,16,1,0,Active,
B08C3XXQDQ,TA-Anti-Acne-Pillow-Spray-Lavender-4oz,"Anti-Acne Pillow Spray, Lavender",B,TreeActiv,4 oz,1,0.45,1.45,MOFO,4 oz IHM Spray,10,40,60,45,4,15,1,0,Active,
B08KFGYSD7,TA-Yoga-Mat-Spray-4oz,Yoga Mat Spray,B,TreeActiv,4 oz,1.31,0.38,1.69,MOFO,4 oz IHM Spray,10,40,60,45,4,11,1,0,Active,
B08JZFFBRM,AY-Clear-Sleep-Pillow-Mist-4oz,Anti-Acne Pillow & Linen Mist,C,Ayadara,4 oz,1,0.38,1.38,MOFO,4 oz IHM Spray,10,35,60,45,4,14,1,0,Active,
B08S3LQHPH,TA-Shower-Spray-Eucalyptus-Xtra-Stre-4oz,Extra Strength Eucalyptus Shower,C,TreeActiv,4 oz,5.5,0,5.5,MOFO,4 oz IHM Spray,10,0,60,0,4,6,1,0,Hibernated,
B08KDS18R5,TA-Shower-Spray-Eucalyptus-4oz,Eucalyptus Shower Spray,C,TreeActiv,4 oz,1.77,0,1.77,MOFO,4 oz IHM Spray,10,0,60,0,4,7,1,0,Hibernated,
B08JY3JJ2Q,AY-Wildflower-Goddess-Toner-4oz,Anti-Aging Herbal Toner,C,Ayadara,4 oz,1.83,1.61,3.44,MOFO,4 oz IHM Spray,10,0,60,0,4,11,1,0,Hibernated,
B08J2HQZ4K,TA-Sleep-Spray-Calming-Lavender-4oz,Sleep Spray Lavender,C,TreeActiv,4 oz,1.44,0.31,1.75,MOFO,4 oz IHM Spray,10,35,60,45,4,12,1,0,Active,
B079ZCGJZF,TA-Acne-Face-Spray-4oz,Face Spray,B,TreeActiv,4 oz,1.43,0.49,1.92,MOFO,4 oz IHM Spray,10,40,60,45,4,16,1,0,Active,
B08J2YWQ9F,TA-Air-Freshener-Spray-Peppermint-4oz,"Air Freshener Spray, Peppermint",C,TreeActiv,4 oz,1.02,0,1.02,MOFO,4 oz IHM Spray,10,0,60,0,4,12,1,0,Hibernated,
B08K3P65HM,AY-Here-Comes-The-Sun-Room-Spray-4oz,Room Spray,C,Ayadara,4 oz,1.12,0.33,1.45,MOFO,4 oz IHM Spray,10,35,60,45,4,13,1,0,Active,
B08KF94MCT,AY-Shower-Spray-Eucalyptus-8oz,Eucalyptus Shower Spray,C,Ayadara,8 oz,2.99,0,2.99,MOFO,8 oz IHM Spray,10,0,60,0,4,6,1,0,Hibernated,
B08BWN33SX,TA-Natural-Linen-Spray-Lavender-8oz,Linen Spray | Lavender,B,TreeActiv,8 oz,1.8,0.67,2.47,MOFO,8 oz IHM Spray,10,40,60,45,4,15,1,0,Active,
B01BHYAPJS,TA-Acne-Eliminating-Face-Cleanser-8oz,Face Cleanser/Wash 8 oz,A,TreeActiv,8 oz,2.41,0.01,2.42,WPP,8 oz FG,10,45,60,30,3,5,1,1,Active,
B01ETEJNPK,TA-Acne-Body-Lotion-Cucumber-8oz,Cucumber Lotion,A,TreeActiv,8 oz,5.81,0.08,5.89,MOFO,8 oz WL,10,45,60,30,3,4,1,1,Active,
B08KDB2KQF,AY-Charcoal-To-Sparkle-Acne-Wash-8oz,Charcoal Face Wash,C,Ayadara,8 oz,2.41,0.14,2.55,WPP,8 oz FG,10,35,60,45,3,5,1,1,Active,
B018KBBNMO,TA-Hair-Growth-Spray-Bamboo-8oz,Hair Growth Bamboo Sugarcane,B,TreeActiv,8 oz,2.46,0.98,3.44,WPP,8 oz IHM Spray,10,40,60,45,4,2,1,1,Active,
B08JY88C32,AY-Bootylicious-Butt-Acne-Lotion-8oz,Butt Acne Clearing Lotion,B,Ayadara,8 oz,5.81,0.19,6,MOFO,8 oz WL,10,40,60,45,3,4,1,1,Active,
B08JQR82MX,Ayadara-Rose-Stem-Cell-Scrub-8oz,Rose Stem Cell Body Scrub / Merci Bouquet,,Ayadara,8 oz,5,0,5,WPP,8 oz WL,10,0,60,0,3,1,1,1,Hibernated,
B01BMEUM0U,TA-Acne-Exfoliating-Body-Wash-8oz,Exfoliating Body Wash,B,TreeActiv,8 oz,3.62,0.31,3.93,MOFO,8 oz WL,10,40,60,45,3,6,1,0,Active,
B018KAH8M4,TA-Hair-Growth-Spray-Lavender-8oz,Hair Growth Spray,C,TreeActiv,8 oz,1.66,0.7,2.36,MOFO,8 oz IHM Spray,10,35,60,45,4,2,1,1,Active,
B08KFGBHJX,AY-Reverse-Warrior-Body-Spray-8oz,Body Spray,C,Ayadara,8 oz,1.9,0.36,2.26,,8 oz IHM Spray,10,35,60,45,4,15,1,0,Active,Body Spray Batch
B08JQQNP8B,AY-Bloom-Booster-Hair-Conditioner-8oz,Rose Stem Cell Hair Growth,,Ayadara,8 oz,5.75,0,5.75,,8 oz WL,10,0,60,0,3,1,1,1,Hibernated,
B081NWG5TF,TA-Stem-Cell-AloeVera-Gel-8oz,Stem Cell Enhanced Aloe Vera Gel,,TreeActiv,8 oz,4.5,0,4.5,,8 oz WL,10,0,60,0,3,1,1,1,Hibernated,
B081NJQQS2,TA-Hair-Growth-Stem-Cell-Conditioner-8oz,Hair Growth Stem Cell Conditioner,,TreeActiv,8 oz,0,0,0,,8 oz WL,10,0,60,0,3,1,1,1,Hibernated,
B08JRVPDNX,AY-Bloom-All-Over-Clay-Mask-8oz,Rose Stem Cell Clay Mask,,Ayadara,8 oz,6.08,0,6.08,,8 oz WL,10,0,60,0,3,2,1,1,Hibernated,
B081NX7CW4,TA-Exfoliating-Stem-Cell-Facial-Cleanser-8oz,Exfoliating Stem Cell Facial Cleanser,,TreeActiv,8 oz,5,0,5,,8 oz WL,10,0,60,0,3,1,1,1,Hibernated,
B07ZS8LCV6,TA-Natural-Defense-Hand-Purifying-Gel-8oz,Natural Defense Aloe Vera Gel,C,TreeActiv,8 oz,0,0,0,,8 oz WL,10,0,60,0,3,1,1,1,Hibernated,
B08W5C45KX,AY-Celestial-Body-Acne-Body-Lotion-8oz,Acne Treatment Body Lotion,C,Ayadara,8 oz,5.61,0.33,5.94,,8 oz WL,10,0,60,0,3,0,1,0,Hibernated,
B08JZF26L7,AY-Celestial-Body-Acne-Body-Lotion-8oz,Anti-Acne Treatment Lotion Extra Strength,,Ayadara,8 oz,0,0,0,,8 oz WL,10,0,60,0,3,0,1,0,Hibernated,
B0747VL51Y,DS-Crepey-Skin-Raspberry-8oz,Crepey Skin Cream Raspberry Lime,,DivaStuff,8 oz,0,0,0,,8 oz bottle,10,0,60,0,3,0,1,0,Hibernated,
B071H948QW,DS-Crepey-Skin-Strawberry-8oz,Crepey Skin Cream Strawberry,,DivaStuff,8 oz,0,0,0,,8 oz bottle,10,0,60,0,3,0,1,0,Hibernated,
B08BSR8ZGN,TA-Anti-Frizz-Nourishing-Styling-Cream-8oz,Anti-Frizz Cream,,TreeActiv,8 oz,0.47,0,0.47,,8 oz WL,10,0,60,0,3,6,1,1,Hibernated,
B07D4DN6BM,TA-Crepey-Skin-Facial-Cleanser-8oz,Crepey Skin Facial Cleanser,,TreeActiv,8 oz,0.29,0,0.29,,8 oz WL,10,0,60,0,3,3,1,1,Hibernated,
B07499RYRP,TA-Matcha-Face-Wash-8oz,Anti-Aging Matcha Face Wash,,TreeActiv,8 oz,0.39,0,0.39,,8 oz WL,10,0,60,0,3,5,1,1,Hibernated,
B081NLXJ78,TA-Stem-Cell-Daily-Facial-Cleanser-8oz,Stem Cell Daily Facial Cleanser,,TreeActiv,8 oz,0,0,0,,8 oz WL,10,0,60,0,3,1,1,1,Hibernated,
B076QL5T64,TA-Matcha-Face-Mask-8oz,Anti-Aging Matcha Mask,,TreeActiv,8 oz,0.37,0,0.37,,8 oz WL,10,0,60,0,3,6,1,1,Hibernated,
B08JQQNMF4,Ayadara-Rose-Stem-Cell-Aloe-Vera-Gel-8oz,Stem Cell Aloe Gel,,Ayadara,8 oz,0,0,0,,8 oz WL,10,0,60,0,3,1,1,1,Hibernated,
B08JRPQN2K,Ayadara-Rose-Stem-Cell-Shampoo-8oz,Stem Cell Hair Growth Shampoo,,Ayadara,8 oz,0,0,0,,8 oz WL,10,0,60,0,3,1,1,1,Hibernated,
B08JQP3JRR,AY-La-Vie-Sage-Rose-Face-Wash-8oz,Rose Stem Cell Face Wash,,Ayadara,8 oz,0,0,0,,8 oz WL,10,0,60,0,3,1,1,1,Hibernated,
B01ETFGW6M,TA-Acne-Body-Lotion-Green-Tea-8oz,Green Tea Honey Body Lotion,,TreeActiv,8 oz,2.35,0,2.35,,8 oz WL,10,0,60,0,3,3,1,0,Hibernated,
B07NBQYCRV,TA-Crepey-Exfoliating-Body-Polish-8oz,Crepey Skin Exfoliating Body Polish,,TreeActiv,8 oz,0.1,0,0.1,,8 oz WL,10,0,60,0,3,4,1,1,Hibernated,
B012BKQ5YG,TA-Four-In-One-Acne-Treatment-8oz,Four-in-One Acne Treatment,C,TreeActiv,8 oz,6.95,0.21,7.16,,8 oz WL,10,35,60,45,3,3,1,0,Active,
B081NMN191,TA-Exfoliating-Stem-Cell-Body-Scrub-8oz,Exfoliating Stem Cell Body Scrub,,TreeActiv,8 oz,0,0,0,,8 oz WL,10,0,60,0,3,1,1,1,Hibernated,
B07HHBQFQK,TA-Ultra-Hydrating-Body-Lotion-8oz,Ultra Hydrating Body Lotion,,TreeActiv,8 oz,0.39,0,0.39,,8 oz WL,10,0,60,0,3,6,1,1,Hibernated,
B0B71CGM7H,TA-Anti-Aging-Body-Wash-8oz,TA-Anti-Aging-Body-Wash-8oz,C,TreeActiv,8 oz,3.67,0.38,4.05,,8 oz WL,10,35,60,45,5,0,1,0,Active,
B0B6FY55W3,AY-Boho-Acne-Body-Wash-8oz,AY-Boho-Acne-Body-Wash-8oz,C,Ayadara,8 oz,3.68,0.2,3.88,,8 oz WL,10,35,60,45,5,0,1,0,Active,
B074F45K6P,TA-Crepey-Skin-Repair-Treatment-8oz,Crepey Lotion,A,TreeActiv,8 oz,2.53,0.12,2.65,MOFO,8 oz FG,10,45,60,30,3,4,1,0,Active,
B08J3TKTX9,TA-Dermatitis-Cream-8oz,Dermatitis Cream,C,TreeActiv,8 oz,3.47,0.26,3.73,MOFO,8 oz WL,10,35,60,45,3,4,1,0,Active,
B08J3Y9SZ8,TA-Psoriasis-Cream-8oz,Psoriasis Treatment Cream,B,TreeActiv,8 oz,3.02,0.19,3.21,MOFO,8 oz WL,10,40,60,45,3,4,1,0,Active,
B08KDGWSC8,AY-Stardust-Sulfur-Scrub-8oz,exfoliating face scrub,C,Ayadara,8 oz,7.2,0.59,7.79,MOFO,8 oz WL,10,35,60,45,3,3,1,0,Active,
B08JRTPCSN,AY-Crepe-Skin-Repair-Treatment-8oz,Crepe Skin Repair Treatment,A,Ayadara,8 oz,2.4,0.01,2.41,MOFO,8 oz WL,10,45,60,30,3,4,1,0,Active,
B081NHDXJ3,TA-Stem-Cell-Peptide-Clay-Face-Mask-8oz,Stem Cell Peptide Clay Face Mask,,TreeActiv,8 oz,6.08,0,6.08,,8 oz WL,10,0,60,0,3,2,1,1,Hibernated,
B01LYNNX7U,TA-Cellulite-Scrub-8oz,Ashwagandha Coffee Cellulite Scrub,,TreeActiv,8 oz,0.03,0,0.03,,8 oz WL,10,0,60,0,3,6,1,1,Hibernated,
B0BCW35QNF,WHYZ-Beta-Alanine-Powder-350g,WHYZ-Beta-Alanine-Powder-350g,C,WHYZ,350g,2.98,0.52,3.5,MOFO,250-350g PWDR,10,35,60,45,5,0,1,0,Active,
B088XFKXDW,PS-Bentonite-Clay-5lbs,Bentonite Clay,,Purisure,5 lbs,0.46,0,0.46,,5lb PWDR,10,0,60,0,5,2,1,0,Hibernated,
B07DLNXG9F,PS-Citric-Acid-5lbs,PS-Citric-Acid-5lbs,,Purisure,5 lbs,48.73,0,48.73,,5lb PWDR,10,0,60,0,5,3,1,0,Hibernated,
B08C5BYRX3,PS-Organic-Cordyceps-Militaris-6oz,Cordyceps Powder,C,Purisure,6 oz,9.79,0,9.79,MOFO,170-225g PWDR,10,0,60,0,5,3,1,0,Hibernated,
B08C515LPG,PS-Wheatgrass-Powder-8oz-Organic,Wheat Grass Powder,C,Purisure,8 oz,4.42,0.67,5.09,,170-225g PWDR,10,35,60,45,5,3,1,0,Active,
B0BCWQZ7G9,WHYZ-Myo-Inositol-Powder-8oz,WHYZ-Myo-Inositol-Powder-8oz,C,WHYZ,8 oz,5.36,0.57,5.93,MOFO,170-225g PWDR,10,0,60,0,5,0,1,0,Hibernated,
B0BDRSB3V9,WHYZ-Organic-Stevia-Powder-8oz,WHYZ-Organic-Stevia-Powder-8oz,B,WHYZ,8 oz,9.39,0.86,10.25,MOFO,170-225g PWDR,10,40,60,45,5,0,1,0,Active,TSG90 Stevia Powder Batch
B07B1QL1RY,PS-ALCAR-250g,Acetyl L-Carnitine (ALCAR) Powder,C,Purisure,250 g,9.6,0.97,10.57,MOFO,250-350g PWDR,10,35,60,45,5,3,1,0,Active,
B07YKNHS98,PS-Green-Tea-Extract-250g,Green Tea Extract Powder,C,Purisure,250 g,4.48,0.94,5.42,MOFO,250-350g PWDR,10,35,60,45,5,4,1,0,Active,
B018SWE5DY,NS-Original-Stevia-Liquid-8oz,OG Stevia,A,NatriSweet,8 oz,1.87,0.26,2.13,MOFO,8 fl oz Drops-OG,10,45,60,30,1,8,1,0,Active,LIQUID STEVIA BATCH
B097TNVJHB,NS-Monk-Fruit-Liquid-Drops-8oz,Monk Fruit Liquid/Drop,B,NatriSweet,8 oz,1.29,0.41,1.7,MOFO,8 fl oz Drops,10,40,60,45,2,9,1,0,Active,
B01ETGXJVC,TA-Acne-Eliminating-Body-Spray-8oz,Body Spray,B,TreeActiv,8 oz,2.71,0.44,3.15,MOFO,8 oz IHM Spray,10,40,60,45,4,19,1,0,Active,Body Spray Batch
B08P225MRM,TA-Sleep-Spray-Calming-Lavender-8oz,"Sleep Spray, Calming Lavender",C,TreeActiv,8 oz,1.72,0.66,2.38,MOFO,8 oz IHM Spray,10,35,60,45,4,12,1,0,Active,
B08KDZ8T8Z,AY-Namaste-In-Bed-Sleep-Spray-8oz,Lavender Sleep Spray / Namaste,C,Ayadara,8 oz,1.42,1.04,2.46,MOFO,8 oz IHM Spray,10,35,60,45,4,11,1,0,Active,
B097YXS1Z5,NS-Monk-Fruit-Stevia-Liquid-Drops-8oz,Monk Fruit & Stevia Liquid Blend,B,NatriSweet,8 oz,1.34,0.37,1.71,MOFO,8 fl oz Drops,10,40,60,45,2,10,1,0,Active,
B08K19R2CB,AY-Fresh-Reset-Fabric-Spray-8oz,Fabric Spray | Lavender,C,Ayadara,8 oz,1.68,0.73,2.41,,8 oz IHM Spray,10,35,60,45,4,13,1,0,Active,
B018KBV96E,TA-Hair-Growth-Spray-Grapefruit-8oz,Hair Growth Spray Bamboo,C,TreeActiv,8 oz,1.73,0.41,2.14,,8 oz IHM Spray,10,35,60,45,4,5,1,1,Active,
B08KYLLL47,TA-Adv-Hand-Sanitizer-Gel-8oz-2-Pack,Advanced Hand Sanitizer Gel,,TreeActiv,8oz x 2,0.08,0,0.08,,Bundle-2,10,0,60,0,6,2,1,1,Hibernated,
B08TJ3F23Q,BUNDLE-TA-2Step-Cystic-Face-Wash-8oz,2-Step Cystic Acne Treatment Kit ( old ??? ),,TreeActiv,,5.06,0,5.06,MOFO,Bundle-2,10,0,60,0,6,3,1,2,Hibernated,
B08J29JDKK,BUNDLE-TA-4Step-Max-Strength-Kit,4-Step Acne Treatment Kit Maximum Strength,,TreeActiv,0.25 oz / 2 oz / 4 oz / 8 oz,8.04,0,8.04,MOFO,Bundle-2,10,0,60,0,6,28,1,2,Hibernated,
B08KWPLJKT,BUNDLE-TA-Day-Night-Spot-Treatment,TreeActiv Day and Night Acne Spot Treatment Kit,C,TreeActiv,0.5 oz / 0.5 oz,4.75,0.5,5.25,MOFO,Bundle-2 WL,10,35,60,45,6,12,1,2,Active,
B08W5FLRXG,TA-Acne-Face-Cleanser-Travel-3.4oz-2Pack,Charcoal Acne Exfoliating Face Wash,C,TreeActiv,3.4 oz x 2,3.97,0.24,4.21,MOFO,Bundle-2 WL,10,35,60,45,3,6,1,2,Active,
B08KFFF75L,AY-Yoga-Mat-Spray-4oz-2-Pack,2-Pack Yoga Mat,C,Ayadara,4 oz x 2,2.46,0.35,2.81,MOFO,Bundle-2 Spray,10,35,60,45,4,11,1,0,Active,
B09B2NK4W7,BUNDLE-TA-Body-Acne-Treatment-Kit,Body Acne Treatment Kit,C,TreeActiv,8 oz * 2,6.72,0,6.72,,Bundle-2 Spray,10,0,60,0,6,16,1,1,Hibernated,
B09B2NGJVN,BUNDLE-TA-Crepe-Corrector-Kit,TreeActiv Crepe Corrector Kit,C,TreeActiv,8 oz /16 oz,7.71,0,7.71,,Bundle-2,10,0,60,0,6,6,1,1,Hibernated,
B0B2NZBF92,AY-Day-Night-Acne-Treatment-Kit,AY-Day-Night-Acne-Treatment-Kit,B,Ayadara,0.5 x 2,6.28,0.57,6.85,,Bundle-2 WL,10,40,60,45,3,0,1,0,Active,
B0B4JQJ5B2,TA-Acne-Body-Spray-4oz-2pack,TA-Acne-Body-Spray-4oz-2pack,A,TreeActiv,4 oz x 2,2.22,0.29,2.51,MOFO,Bundle-2 Spray,10,45,60,30,6,0,1,0,Active,Body Spray Batch
B0B971H9J6,TA-Back-Body-Acne-Kit,TA-Back-Body-Acne-Kit,B,TreeActiv,4 oz / 8 oz,5.11,0.23,5.34,,Bundle-2 Spray,10,40,60,45,6,0,1,0,Active,Body Spray Batch
B0B9BXCC3C,TA-Crepe-Skin-Repair-Kit,TA-Crepe-Skin-Repair-Kit,C,TreeActiv,8 oz * 2,6.5,0.26,6.76,,Bundle-2 WL,10,35,60,45,6,0,1,0,Active,
B09CDRNWHR,BUNDLE-TA-Milia,Milia Treatment Kit,C,TreeActiv,4 oz,6.69,0.73,7.42,MOFO,Bundle-2 WL,10,35,60,45,6,6,1,1,Active,
B08JMC7VH7,BUNDLE-TA-4-Step-Exfo-Max,4 Step Maximum Strength Kit ( old ??? ),,TreeActiv,,4.18,0,4.18,MOFO,Bundle-2,10,0,60,0,6,7,1,1,Hibernated,
B08JVJ8KFK,BUNDLE-TA-4Step-Exfo-Cystic,4-Step Cystic Acne Exfoliating Treatment Kit ( old ??? ),,TreeActiv,,0,0,0,,Bundle-2,10,0,60,0,6,0,1,0,Hibernated,
B08DFS9FKS,BUNDLE-TA-4StepKit-CysticA,4 Step Kit Cystic Acne ( old ??? ),,TreeActiv,,0,0,0,,Bundle-2,10,0,60,0,6,0,1,0,Hibernated,
B08NRP3BJD,TA-Cystic-Acne-Spot-Treatment-0.5oz-2Pack,Cystic Spot Treatment 2pack,C,TreeActiv,0.5 oz x 2,4.3,0.15,4.45,MOFO,Bundle-2 WL,10,35,60,45,3,6,1,1,Active,
B08DDBJ2K6,BUNDLE-TA-3StepKit,3 Step,,TreeActiv,0.5 oz/ 2 oz/ 3.4 oz,6.25,0,6.25,MOFO,Bundle-4 WL,10,0,60,0,6,13,1,2,Hibernated,
B09B813K19,BDL-TA-3StepAcneKit-FCreamCysticFW3.4oz,3 Step,C,TreeActiv,0.5 oz / 2oz / 3.4 oz,6.88,1.38,8.26,MOFO,Bundle-4 WL,10,0,60,0,6,13,1,2,Hibernated,
B08TJ2GH36,BUNDLE-TA-2Step-Cystic-Face-Wash-3.4oz,2-Step Acne Treatment Kit,C,TreeActiv,0.5 oz / 3.4 oz,5.13,1.09,6.22,MOFO,Bundle-3 WL,10,0,60,0,6,10,1,2,Hibernated,
B08JWVMD8F,BUNDLE-TA-2-Step-Exfo-Cystic,TreeActiv 2-Step Cystic Acne Exfoliating Treatment Kit,C,TreeActiv,0.5 oz /4 oz,6.76,1.13,7.89,MOFO,Bundle-3 WL,10,35,60,45,6,10,1,1,Active,
B09B32QLS5,PS-Alpha-GPC-Capsules-2-Pack,2-Pack Alpha GPC Capsules,C,Purisure,2 btls,11.68,0.52,12.2,MOFO,Bundle-3,10,0,60,0,3,3,1,0,Hibernated,
B08FLPDVWY,PS-Adv-Hand-Sanitizer-Gel-2oz-3-Pack,Advanced Hand Sanitizer Gel,,Purisure,2 oz x 3,0,0,0,MOFO,Bundle-3,10,0,60,0,6,0,1,0,Hibernated,
B0889M7MDG,PS-Eucalyptus-Purifying-Spray-2oz-3Pack,Hand Purifying Travel Spray Eucalyptus,,Purisure,2 oz x 3,0,0,0,MOFO,Bundle-3,10,0,60,0,6,0,1,0,Hibernated,
B08F95F662,PS-Hand-Sanitizer-Spray-2oz-3Pack,Hand Sanitizer Spray,,Purisure,2 oz x 3,0,0,0,MOFO,Bundle-3,10,0,60,0,6,0,1,0,Hibernated,
B08DQW48V9,TA-Adv-Hand-Sanitizer-Gel-2oz-3Pack,Hand Sanitizer Gel,,TreeActiv,2 oz x 3,0,0,0,MOFO,Bundle-3,10,0,60,0,6,0,1,0,Hibernated,
B08F8Y3WD5,TA-Hand-Sanitizer-Spray-2oz-3Pack,Hand Sanitizer Spray,,TreeActiv,2 oz x 3,0,0,0,MOFO,Bundle-3,10,0,60,0,6,0,1,0,Hibernated,
B08FRMCFV4,NS-Stevia-Liquid-Tof-2oz-3Pack,Toffee Stevia Liquid Drops,,NatriSweet,2 oz x 3,0,0,0,MOFO,Bundle-3,10,0,60,0,6,0,1,0,Hibernated,
B09KLYGQ3F,BUNDLE-NS-Liq-Stev-Monkfruit-Var,Liquid Stevia and Monk Fruit Variety Pack,C,NatriSweet,2 oz/ 2 oz / 8 oz,4.05,0.78,4.83,MOFO,Bundle-3 Drops,10,0,60,0,2,24,1,0,Hibernated,
B09CNS2L98,BUNDLE-TA-Blackhead,Blackhead Remover Kit,C,TreeActiv,4 oz,6.54,0.68,7.22,MOFO,Bundle-3 WL,10,35,60,45,6,4,1,1,Active,
B08JWVJYDK,BUNDLE-TA-3-Step-Exfo-Cystic,3 Step Cystic Acne Exfoliating Treatment Kit ( old ??? ),,TreeActiv,4 oz / 0.25,0,0,0,MOFO,Bundle-3,10,0,60,0,6,0,1,0,Hibernated,
B09LXBB9KH,BUNDLE-TH-matc-puer-blk-var-4oz,Instant Tea Powder Bundle,C,Teaki Hut,4 oz x 3,8.13,0.33,8.46,MOFO,Bundle-3 PWDR,10,35,60,45,6,11,1,0,Active,
B08FRM9Y34,NS-Stevia-Liquid-Orgnl-2oz-3Pack,Stevia Liquid Drops Original Flavor - 3 Pack,C,NatriSweet,2 oz,2.34,0.38,2.72,,Bundle-3 Drops,10,35,60,45,6,8,1,0,Active,
B0B34RTZND,PS-Monk-Fruit-Liquid-2oz-3pack,Monk Fruit Liquid 2oz 3 pack,C,Purisure,2 oz,2.54,0.64,3.18,,Bundle-3,10,0,60,0,6,0,1,0,Hibernated,
B0B7K7MRXL,NS-Monkfruit-Stevia-Liquid-2oz-3pack,NS-Monkfruit-Stevia-Liquid-2oz-3pack,C,NatriSweet,2oz * 3,3.21,0.2,3.41,,Bundle-3 Drops,10,0,60,0,6,0,1,0,Hibernated,
B09B7YSBWM,BDL-TA-2StepAcneKit-FCreamFWash3.4oz,BDL-TA-2StepAcneKit-FCreamFWash3.4oz,C,TreeActiv,2 oz / 3.5 oz,5.04,0.68,5.72,,Bundle-3,10,35,60,45,6,9,1,2,Active,
B09B8442YJ,BDL-TA-4StepAcneKit-CysticFSpryFCrmFW3.4,4-Step Acne Treatment Kit,C,TreeActiv,0.5 oz / 2 oz / 3.4 oz / 4 oz,8.37,0.57,8.94,MOFO,Bundle-4,10,35,60,45,6,32,1,3,Active,
B09B2L9XTT,BUNDLE-TA-Pimple-Tool-Kit,Pimple Popper Zit Kit,C,TreeActiv,3.4 oz,4.94,0.68,5.62,MOFO,Bundle-3 WL,10,35,60,45,6,9,1,4,Active,
B08DDFHS7L,BUNDLE-TA-5StepKit,5 step kit ( old ??? ),,TreeActiv,0.25 oz / 0.25 oz / 2 oz / 8 oz / 8 oz,0,0,0,MOFO,Bundle-5,10,0,60,0,6,0,1,0,Hibernated,
B08J33352W,BUNDLE-TA-5-Step-Acne-Kit,5 Step Cystic Acne Treatment Kit ( old ??? ),,TreeActiv,,9.24,0,9.24,,Bundle-5,10,0,60,0,6,22,1,1,Hibernated,
B08J2LTBV4,BUNDLE-TA-5-Step-Max-Strength-Acne-Kit,5 Step Maximum Strength Kit ( old ??? ),,TreeActiv,,7.13,0,7.13,,Bundle-5,10,0,60,0,6,7,1,1,Hibernated,
B08DFMRPZQ,BUNDLE-TA-5StepKit-CysticA,5 Step Kit Cystic Acne ( old ??? ),,TreeActiv,,0,0,0,,Bundle-5,10,0,60,0,6,0,1,0,Hibernated,
B08FTD1B73,NS-Stevia-Liquid-2oz-8oz-5PackSizes,Stevia Liquid Drops Variety Pack,,NatriSweet,2 oz x 4 / 8 oz,0,0,0,MOFO,Bundle-5,10,0,60,0,6,0,1,0,Hibernated,
B09KLZGNYZ,BUNDLE-NS-Flav-Liq-Stev-Var-2oz,Stevia Liquid Drops Variety Pack,C,NatriSweet,2 oz x 5,3.4,0.13,3.53,MOFO,Bundle-5 Drops,10,0,60,0,6,39,1,0,Hibernated,
B08DQR26DB,TA-Adv-Hand-Sanitizer-Gel-2oz-5-Pack,Hand Sanitizer Gel,,TreeActiv,2 oz x 5,0,0,0,MOFO,Bundle-5,10,0,60,0,6,0,1,0,Hibernated,
B08FSXWRK8,NS-Stevia-Liquid-2oz-5Flvrs,Stevia Liquid Drops Variety Pack,,NatriSweet,2 oz x 5,0,0,0,MOFO,Bundle-5,10,0,60,0,6,0,1,0,Hibernated,
B08FRKKYW3,NS-Stevia-Liquid-Caramel-2oz-5pack,Caramel Stevia Liquid Drops,,NatriSweet,2 oz x 5,0,0,0,MOFO,Bundle-5,10,0,60,0,6,0,1,0,Hibernated,
B08FRL9BWM,NS-Stevia-Liquid-Chco-2oz-5Pack,Chocolate Stevia Liquid Drops,,NatriSweet,2 oz x 5,0,0,0,MOFO,Bundle-5,10,0,60,0,6,0,1,0,Hibernated,
B08FRJP1LN,NS-Stevia-Liquid-Orgnl-2oz-5Pack,Stevia Liquid Drops Original Flavor,,NatriSweet,2 oz x 5,3.49,0,3.49,MOFO,Bundle-5,10,0,60,0,6,8,1,0,Hibernated,
B08FRJPCWT,NS-Stevia-Liquid-Toffee-2oz-5Pack,Toffee Stevia Liquid Drops,,NatriSweet,2 oz x 5,0,0,0,MOFO,Bundle-5,10,0,60,0,6,0,1,0,Hibernated,
B08FRJS4X2,NS-Stevia-Liquid-Vanilla-2oz-5Pack,Vanilla Stevia Liquid Drops,,NatriSweet,2 oz x 5,0,0,0,MOFO,Bundle-5,10,0,60,0,6,0,1,0,Hibernated,
B08FLNLK7C,PS-Adv-Hand-Sanitizer-Gel-2oz-5-Pack,Advanced Hand Sanitizer Gel,,Purisure,2 oz x 5,0,0,0,MOFO,Bundle-5,10,0,60,0,6,0,1,0,Hibernated,
B08F8TZ7MT,PS-Hand-Sanitizer-Spray-2oz-5-Pack,Hand Sanitizer Spray,,Purisure,2 oz x 5,0,0,0,MOFO,Bundle-5,10,0,60,0,6,0,1,0,Hibernated,
B09B8PHJ5V,BDL-TA-5StepAcneKit,5-Step Acne Treatment Kit,C,TreeActiv,0.5 oz / 2 oz / 3.4 oz / 4 oz / 4 oz,17.34,0.06,17.4,MOFO,Bundle-6,10,35,60,45,6,32,1,3,Active,
B08JMCBY1R,BUNDLE-TA-5-Step-Exfo-Cystic,5 Step Cystic Acne Exfoliating Treatment Kit,,TreeActiv,0.5 oz / 2 oz / 3.4 oz / 4 oz / 4 oz,4.18,0,4.18,MOFO,Bundle-6,10,0,60,0,6,7,1,1,Hibernated,
B01N0T5CV6,PS-Myo-Inositol-250g,Myo Inositol Powder,C,Purisure,250 g,5.77,0.68,6.45,MOFO,250-350g PWDR,10,35,60,45,5,3,1,0,Active,
B00NOZWP88,PS-Beta-Alanine-250g,Beta Alanine,C,Purisure,250 g,2.13,0,2.13,MOFO,250-350g PWDR,10,0,60,0,5,3,1,0,Hibernated,
B01N12LCU0,PS-HMB-250g,HMB Powder,,Purisure,250 g,0.23,0,0.23,MOFO,250-350g PWDR,10,0,60,0,5,2,1,0,Hibernated,
B08C4YYZ2M,PS-Acerola-Cherry-Powder-8oz,Acerola Cherry Powder,,Purisure,8 oz,0,0,0,MOFO,170-225g PWDR,10,0,60,0,5,0,1,0,Hibernated,
B08CK8RFH6,PS-Magnsm-Bisglycinate-Pwdr-250g,Magnesium Bisglycinate Powder,C,Purisure,250 g,7.89,0.75,8.64,MOFO,250-350g PWDR,10,35,60,45,5,3,1,0,Active,
B01N9JK03Y,PS-NALT-250g,N-Acetyl L-Tyrosine (NALT) Powder,,Purisure,250 g,0.23,0,0.23,MOFO,250-350g PWDR,10,0,60,0,5,2,1,0,Hibernated,
B0BDRYDT9W,WHYZ-Magnesium-Bisglycinate-10oz,WHYZ-Magnesium-Bisglycinate-10oz,C,WHYZ,10 oz,9.14,0,9.14,MOFO,170-225g PWDR,10,35,60,45,5,0,1,0,Pre-Launch,
B0CL9SZQPV,WHYZ-Tongkat-Ali-Powder-4oz,WHYZ-Tongkat-Ali-Powder-4oz,C,WHYZ,4 oz,3.31,0,3.31,MOFO,100-150g PWDR,10,35,60,45,5,4,1,0,Active,
B0BFRK1ZDS,WHYZ-Green-Coffee-Bean-Powder-125g,WHYZ-Green-Coffee-Bean-Powder-125g,C,WHYZ,125 g,4.19,0,4.19,MOFO,100-150g PWDR,10,35,60,45,5,0,1,0,Pre-Launch,
B0BFXL2HFP,WHYZ-Organic-Matcha-Powder-125g,WHYZ-Organic-Matcha-Powder-125g,C,WHYZ,125 g,4.75,0,4.75,MOFO,100-150g PWDR,10,35,60,45,5,0,1,0,Pre-Launch,
B0BFYMSYF4,WHYZ-Organic-WheatGrass-Powder-300g,WHYZ-Organic-WheatGrass-Powder-300g,C,WHYZ,300 g,5.61,0,5.61,MOFO,250-350g PWDR,10,35,60,45,5,0,1,0,Pre-Launch,
B0BG2WHGPF,WHYZ-Organic-Cordyceps-Powder-200g,WHYZ-Organic-Cordyceps-Powder-200g,C,WHYZ,200g,11.13,0,11.13,MOFO,250-350g PWDR,10,35,60,45,5,3,1,0,Pre-Launch,
B0BFYRRCS4,WHYZ-Organic-Spirulina-Powder-250g,WHYZ-Organic-Spirulina-Powder-250g,C,WHYZ,250 g,3.87,0,3.87,MOFO,250-350g PWDR,10,35,60,45,5,0,1,0,Pre-Launch,
B0BG9461C8,TA-Milia-Face-Scrub-4oz,TA-Milia-Face-Scrub-4oz,,TreeActiv,4 oz,0,0,0,MOFO,2-4 oz WL,10,0,60,0,3,0,1,0,Hibernated,
B01L7KT070,PS-Beta-Alanine-500g,PS-Beta-Alanine-500g,C,Purisure,500 g,4.11,0,4.11,MOFO,16oz/500g PWDR,10,0,60,0,5,0,1,0,Hibernated,
B0BJ119CWH,WHYZ-L-Theanine-Powder-125g,WHYZ-L-Theanine-Powder-125g,C,WHYZ,125 g,3.52,0,3.52,MOFO,100-150g PWDR,10,35,60,45,5,0,1,0,Pre-Launch,
B0BJ11Z3R4,WHYZ-VitaminC-Powder-500g,WHYZ-VitaminC-Powder-500g,C,WHYZ,500g,4.32,0,4.32,MOFO,16oz/500g PWDR,10,35,60,45,5,0,1,0,Pre-Launch,
B0BVRKQ12T,TA-Milia-Patches-5pack,TA-Milia-Patches-5pack,C,TreeActiv,,1.78,0.48,2.26,MOFO,Bundle-5 WL,10,35,60,45,5,0,1,0,Active,
B0C1WDMDX6,TA-Milia-Spot-Treatment-2pck,TA-Milia-Spot-Treatment-2pck,,TreeActiv,0.5 oz x 2,5.77,0,5.77,MOFO,Bundle-3,10,0,60,0,,0,1,0,Hibernated,
B0C1TH3LP2,TA-Milia-Remover-Kit,TA-Milia-Remover-Kit,C,TreeActiv,,4.78,0,4.78,MOFO,Bundle-2 WL,10,35,60,45,,0,1,0,Active,
temp-TA-Acne-Body-Spray-4oz,TA-Acne-Body-Spray-4oz,TA-Acne-Body-Spray-4oz - SINGLE BOTTLE,,TreeActiv,4 oz,0.99,0,0.99,MOFO,4 oz IHM Spray,10,0,,0,,0,1,0,Hibernated,Body Spray Batch
B0C875HCLJ,TA-acne-milia-spot-treatment-pk2,TA-acne-milia-spot-treatment-pk2,B,TreeActiv,0.5 oz x 2,5.81,0.18,5.99,MOFO,Bundle-2 WL,10,40,60,45,,6,1,1,Active,
B0CDGQWBSL,TA-acne-milia-spot-treatment-0.5oz-FBM,TA-acne-milia-spot-treatment-0.5oz-FBM,C,TreeActiv,0.5 oz / 2 oz / 3.4 oz / 4 oz / 4 oz,2.8,0,2.8,WPP,0.5 oz FG,10,0,60,0,,6,1,1,Hibernated,
B0C8T9RG6B,StandMore-Portable-Standing-Desk,StandMore Portable Standing Desk,A,StandMore,,70,0,70,WPP,Standmore,10,45,60,30,,1,1,1,Active,
B0CFF17X29,AY-Acne-Body-Spray-4oz-3pack,Ayadara Acne Body Spray 4oz 3 pack,B,Ayadara,4 oz x 3,3.15,0,3.15,MOFO,Bundle-3 Spray,10,40,60,45,,17,1,0,Active,Body Spray Batch
B0CFV11R7N,NS-Premium-Stevia-Powder-4oz,NS Premium Stevia Powder 4oz,C,NatriSweet,4 oz,5.45,0,5.45,MOFO,100-150g PWDR,10,35,60,45,,5,1,0,Active,
B0CFTXNZJZ,WHYZ-MyoInositol-Powder-8oz,WHYZ Myo-Inositol Powder 8oz,B,WHYZ,8 oz,5.36,0,5.36,MOFO,170-225g PWDR,10,40,60,45,,4,1,0,Active,
B0CGLMBNDZ,WHYZ-Stevia-Liquid-Drops-8oz,WHYZ Stevia Liquid 8oz,A,WHYZ,8 oz,1.47,0,1.47,MOFO,8 fl oz Drops-OG,10,45,60,30,,9,1,0,Active,LIQUID STEVIA BATCH
B0CHK4JF89,TA-MiliaSpot-ToolKit-Patches-BDL,"TreeActiv Milia Remover Kit - Spot, Patches, Toolkit",A,TreeActiv,,5.29,0,5.29,WPP,Bundle-3 WL,10,45,60,30,,12,1,0,Active,
B0CP838DW7,TA-Acne-Body-Spray-4oz,TreeActiv Acne Body Spray 4oz,PLC-2024,TreeActiv,4 oz,1.31,0,1.31,WPP,4 oz IHM Spray,10,45,60,30,,17,1,0,Active,Body Spray Batch
B0CS6SCC13,TA-Acne-Scar-Cream-RE-Launch,TreeActiv Acne Scar Cream (RE-Launch),PLC-2024,TreeActiv,2 oz,1.86,0,1.86,MOFO,2-4 oz WL,10,45,60,30,,5,1,0,Active,
B0CSPC847D,TA-Acne-Body-Wash-8oz-NEW,TreeActiv Acne Body Wash (RE-Launch),PLC-2024,TreeActiv,8 oz,3.62,0,3.62,MOFO,8 oz WL,10,45,60,30,,4,1,0,Active,
B0CSNN469G,TA-Crepey-Skin-Treatment-2pack,TreeActiv Crepey Skin Treatment 2-pack,A,TreeActiv,,4.8,0,4.8,MOFO,Bundle-2 WL,10,45,60,30,,4,1,0,Active,
B0CSPJKV9M,TA-After-Shave-Treatment,TreeActiv Aftershave Razor Bump & Ingrown Hair Treatment (Spray) 8oz,PLC-2024,TreeActiv,,3.26,0,3.26,MOFO,8 oz IHM Spray,10,45,60,30,,13,1,0,Active,
B0CLVS67FY,TA-milia-acne-spot-treatment-0.5oz,TreeActiv Milia Spot Treatment 0.5oz,A,TreeActiv,5 oz,2.58,0,2.58,MOFO,0.5 oz FG,10,45,60,30,,5,1,1,Active,
B0CSSZFCB8,TA-Rough-Bumpy-Skin-Lotion,TreeActiv Rough and Bumpy Skin Lotion,PLC-2024,TreeActiv,,2.68,0,2.68,MOFO,8 oz WL,10,45,60,30,,4,1,0,Active,
B0CVH18ZD5,NS-Stevia-Liquid-Drops-8oz-2pck,NatriSweet Stevia Liquid Drops 8oz - 2pack,A,NatriSweet,,3.75,0,3.75,MOFO,Bundle-2 Drops,10,45,60,30,,9,1,0,Active,LIQUID STEVIA BATCH
B0CVGJMWGJ,NS-Stevia-Liquid-Drops-4oz,NatriSweet Stevia Liquid Drops 4oz,C,NatriSweet,,1.15,0,1.15,MOFO,4 fl oz Drops-OG,10,35,60,45,,8,1,0,Active,LIQUID STEVIA BATCH
B0CVGHBWT8,NS-Stevia-Liquid-Drops-4oz-2pck,NatriSweet Stevia Liquid Drops 4oz - 2pack,B,NatriSweet,,2.31,0,2.31,MOFO,Bundle-2 Drops,10,40,60,45,,8,1,0,Active,LIQUID STEVIA BATCH
B0CWGJN9GP,TA-Salicylic-Acid-Cystic-Acne-Spot-Treatment,TreeActiv Salicylic Acid Cystic Acne Spot Treatment 0.5,PLC-2024,TreeActiv,,2.58,0,2.58,MOFO,0.5 oz FG,10,45,60,30,,2,1,1,Active,
B0CZ25H5LD,TN-Organic-Monk-Fruit-4.5oz,Tejonova Organic Monk Fruit 4.5oz,B,Tejonova,4.5oz,8.76,0,8.76,MOFO,100-150g PWDR-MF,10,40,60,45,,5,1,0,Active,MONK FRUIT POWDER BATCH
B0CZDJ4K8N,TN-Liquid-Stevia-Drops-8oz,Tejonova Stevia Liquid Drops 8oz,B,Tejonova,8oz,2.07,0,2.07,MOFO,8 fl oz Drops-OG,10,40,60,45,,8,1,0,Active,LIQUID STEVIA BATCH
B0CZDRCVFQ,TN-Liquid-Stevia-Drops-2oz,Tejonova Stevia Liquid Drops 2oz,C,Tejonova,2oz,0.7,0,0.7,MOFO,2 fl oz Drops-OG,10,35,60,45,,8,1,0,Active,LIQUID STEVIA BATCH
B0CZDRK3WC,TN-Organic-Stevia-Extract-1oz,Tejonova Organic Stevia Extract 1oz,C,Tejonova,1oz,1.87,0,1.87,MOFO,10-50g PWDR,10,35,60,45,,4,1,0,Active,TSG90 Stevia Powder Batch
B0CZDRQHBZ,TN-Organic-Stevia-Extract-5oz,Tejonova Organic Stevia Extract 5oz,C,Tejonova,5oz,6.95,0,6.95,MOFO,100-150g PWDR,10,35,60,45,,4,1,0,Active,TSG90 Stevia Powder Batch
SMPSTPW2OZ,SAMPLE-Stevia-Powder-2oz,Sample Stevia Powder 5oz,,,2oz,2.73,0,2.73,MOFO,,10,XXX,60,XXX,,3,1,0,PMP,
B0CZ9DD9GG,TN-Organic-Monk-Fruit-1oz,Tejonova Organic Monk Fruit 1oz,C,Tejonova,1oz,3.04,0,3.04,MOFO,10-50g PWDR,10,35,60,45,,8,1,0,Active,MONK FRUIT POWDER BATCH
PWALCAR1KG,RM-PWD-ALCAR-1KG,RM-PWD-ALCAR-1KG,,PMP,1kg,36.5,0,36.5,MOFO,1kg PWDR,10,XXX,60,XXX,,1,1,0,PMP,
PWMNKFR1KG,RM-PWD-MONK-FRUIT-1KG,RM-PWD-MONK-FRUIT-1KG,,PMP,1kg,57.65,0,57.65,MOFO,1kg PWDR,10,XXX,60,XXX,,1,1,0,PMP,
PWSTV951KG,RM-PWD-STEVIA-SG95-1KG,RM-PWD-STEVIA-SG95-1KG,,PMP,1kg,44,0,44,MOFO,1kg PWDR,10,XXX,60,XXX,,1,1,0,PMP,
PWCITMA20KG,RM-PWD-L-Citrulline-Malate-20KG,RM-PWD-L-Citrulline-Malate-20KG,,PMP,20kg,229.5,0,229.5,MOFO,20kg PWDR,10,XXX,60,XXX,,1,1,0,PMP,
PWCITMA1KG,RM-PWD-L-Citrulline-Malate-1KG,RM-PWD-L-Citrulline-Malate-1KG,,PMP,1kg,11.48,0,11.48,MOFO,1kg PWDR,10,XXX,60,XXX,,1,1,0,PMP,
PWBLKTE25KG,RM-PWD-Black-Tea-Extract-25kg,RM-PWD-Black-Tea-Extract 25kg,,PMP,25kg,225,0,225,MOFO,25kg PWDR,10,XXX,60,XXX,,1,1,0,PMP,
PWBLKTE10KG,RM-PWD-Black-Tea-Extract-10kg,RM-PWD-Black-Tea-Extract 10kg,,PMP,10kg,90,0,90,MOFO,10kg PWDR,10,XXX,60,XXX,,1,1,0,PMP,
B0D3QF1FV7,PS-Methylene-Blue-Powder-5g,Methylene Blue Powder 5g,PLC-2024,Purisure,5g,2.95,0,2.95,MOFO,1-10g PWDR,10,45,60,30,,4,1,0,Active,
PWCITMA20K,RM-PWD-L-Citrulline-Malate-20KG,RM-PWD-L-Citrulline-Malate-20KG,,PMP,20kg,229.5,0,229.5,MOFO,20kg PWDR,10,0,60,0,,1,1,0,Hibernated,
B0DFWMZJ4K,TA-Acne-Eliminating-Face-Cleanser-DS,Acne Eliminating Face Cleanser (DS) 8oz,,TreeActiv,8oz,4.86,0,4.86,WPP,8 oz FG,10,XXX,60,XXX,,2,1,1,Active,
B0D7W1TT8G,TA-Invisible-Spot-Treatment-DS,Invisible Acne Spot Treatment (DS),PLC-2024,TreeActiv,0.5oz,2.18,0,2.18,WPP,0.5 oz FG,10,45,60,30,,2,1,1,Active,
B0D87KN31Q,TA-Acne-Face-Cream-2oz-DS,Acne Eliminating Face Cream 2oz (DS),PLC-2024,TreeActiv,2oz,3.3,0,3.3,WPP,2-4 oz FG,10,45,60,30,,2,1,1,Active,
B0D83TP4R3,TA-Crepey-Skin-Treatment-8oz-DS,Crepey Skin Repair Treatment OG (DS) 8oz,C,TreeActiv,8oz,6.02,0,6.02,WPP,8 oz FG,10,0,60,0,,4,1,1,Hibernated,
SMPSTPW1OZ,SAMPLE-Stevia-Powder-1oz,Sample Stevia Powder 1oz,,PMP,1oz,1.36,0,1.36,MOFO,,10,0,60,0,,3,1,0,Hibernated,
SMPMFPW1OZ,SAMPLE-Monk-Fruit-Powder-1oz,Sample Monk Fruit Powder 1oz,,PMP,1oz,1.74,0,1.74,MOFO,,10,0,60,0,,3,1,0,Hibernated,
PWBETALA1KG,RM-PWD-Beta-Alanine-Powder-1kg,RM-PWD-Beta-Alanine-Powder-1kg,,PMP,1kg,7.3,0,7.3,MOFO,1kg PWDR,10,XXX,60,XXX,,2,1,0,PMP,
PWBLKTEA1KG,RM-PWD-Black-Tea-Powder-1kg,RM-PWD-Black-Tea-Powder-1kg,,PMP,1kg,9,0,9,MOFO,1kg PWDR,10,XXX,60,XXX,,2,1,0,PMP,
PWSTV95TS1KG,RM-PWD-Organic-Stevia-TSG90-1kg,RM-PWD-Organic-Stevia-TSG90-1kg,,PMP,1kg,0,0,0,MOFO,1kg PWDR,10,0,60,0,,2,1,0,Hibernated,
PWPOTAS5KG,RM-PWD-Potassium-Sorbate-Powder-5kg,RM-PWD-Potassium-Sorbate-Powder-5kg,,PMP,5kg,79.41,0,79.41,MOFO,5kg PWDR,10,XXX,60,XXX,,2,1,0,PMP,
PWSALACD1KG,RM-PWD-Salicylic-Acid-Powder-1kg,RM-PWD-Salicylic-Acid-Powder-1kg,,PMP,1kg,11.13,0,11.13,MOFO,1kg PWDR,10,XXX,60,XXX,,2,1,0,PMP,
PWSALACD20KG,RM-PWD-Salicylic-Acid-Powder-20kg,RM-PWD-Salicylic-Acid-Powder-20kg,,PMP,20kg,222.67,0,222.67,MOFO,20kg PWDR,10,XXX,60,XXX,,2,1,0,PMP,
PWSTV95SG1KG,RM-PWD-STEVIA-SG95-1KG,RM-PWD-STEVIA-SG95-1KG,,PMP,1kg,44,0,44,MOFO,1kg PWDR,10,XXX,60,XXX,,1,1,0,PMP,
B0DBTXGT93,NS-Organic-Monkfruit-Liquid-Drops-8oz,Organic Stevia Liquid Drops 8oz,PLC-2024,NatriSweet,8oz,4.54,0,4.54,MOFO,8 fl oz Drops,10,45,60,30,,8,1,0,Active,
B0DBVGV5S2,NS-Organic-Stevia-Liquid-Drops-8oz,Organic Monk Fruit Drops 8oz,PLC-2024,NatriSweet,8oz,3.56,0,3.56,MOFO,8 fl oz Drops,10,45,60,30,,8,1,0,Active,
B0DBVJY2ZC,TN-Monk-Fruit-Sweetener-Powder-1oz,Monk Fruit Sweetener Powder 1oz,PLC-2024,Tejonova,1oz,1.48,0,1.48,MOFO,10-50g PWDR,10,45,60,30,,5,1,0,Active,
B0DBV9BBP2,TN-Monk-Fruit-Sweetener-Powder-5oz,Monk Fruit Sweetener Powder 5oz,PLC-2024,Tejonova,5oz,4.63,0,4.63,MOFO,100-150g PWDR,10,45,60,30,,5,1,0,Active,
B0DBVBFQHD,TN-Monk-Fruit-Sweetener-Powder-1lb,Monk Fruit Sweetener Powder 1 lb,PLC-2024,Tejonova,1lb,12.29,0,12.29,MOFO,16oz/500g PWDR,10,45,60,30,,5,1,0,Active,
PWMYOINO1KG,RM-PWD-MyoInositol-1kg,RM-PWD-MyoInositol-1kg,,PMP,1kg,21.85,0,21.85,MOFO,1kg PWDR,10,XXX,60,XXX,,2,1,0,PMP,
PWMCHAGRN1KG,RM-PWD-Tea-MatchGreen-1kg,RM-PWD-Tea-MatchGreen-1kg,,PMP,1kg,35,0,35,MOFO,1kg PWDR,10,XXX,60,XXX,,2,1,0,PMP,
PWCITSOD1KG,RM-PWD-Citicoline-Sodium-1kg,RM-PWD-Citicoline-Sodium-1kg,,PMP,1kg,187,0,187,MOFO,1kg PWDR,10,XXX,60,XXX,,2,1,0,PMP,
PWBLKTEA5KG,RM-PWD-Black-Tea-Powder-5kg,RM-PWD-Black-Tea-Powder-5kg,,PMP,5kg,45,0,45,MOFO,5kg PWDR,10,XXX,60,XXX,,2,1,0,PMP,
PWPOTAS1KG,RM-PWD-Potassium-Sorbate-Powder-1kg,RM-PWD-Potassium-Sorbate-Powder-1kg,,PMP,1kg,15.88,0,15.88,MOFO,1kg PWDR,10,XXX,60,XXX,,2,1,0,PMP,
PWSTV90TS3KG,RM-PWD-Organic-Stevia-TSG90-3kg,RM-PWD-Organic-Stevia-TSG90-3kg,,PMP,3kg,117.52,0,117.52,MOFO,3kg PWDR,10,XXX,60,XXX,,2,1,0,PMP,
PWSTV90TS5KG,RM-PWD-Organic-Stevia-TSG90-5kg,RM-PWD-Organic-Stevia-TSG90-5kg,,PMP,5kg,195.87,0,195.87,MOFO,5kg PWDR,10,XXX,60,XXX,,2,1,0,PMP,
PWSALACD5KG,RM-PWD-Salicylic-Acid-Powder-5kg,RM-PWD-Salicylic-Acid-Powder-5kg,,PMP,5kg,55.67,0,55.67,MOFO,5kg PWDR,10,XXX,60,XXX,,2,1,0,PMP,
PWMNKFR20KG,RM-PWD-MONK-FRUIT-20KG,RM-PWD-MONK-FRUIT-20KG,,PMP,20,1152.96,0,1152.96,MOFO,20kg PWDR,10,XXX,60,XXX,,2,1,0,PMP,
PWMNKFR5KG,RM-PWD-MONK-FRUIT-5KG,RM-PWD-MONK-FRUIT-5KG,,PMP,5kg,288.24,0,288.24,MOFO,5kg PWDR,10,XXX,60,XXX,,2,1,0,PMP,
PWMAGBIS1KG,RM-PWD-Magnesium-Bisglycinate-Chelate-1kg,RM-PWD-Magnesium-Bisglycinate-Chelate-1kg,,PMP,1kg,30.63,0,30.63,MOFO,1kg PWDR,10,XXX,60,XXX,,2,1,0,PMP,
PWLTHEA1KG,RM-PWD-L-Theanine-1kg,RM-PWD-L-Theanine-1kg,,PMP,1kg,23.5,0,23.5,MOFO,1kg PWDR,10,XXX,60,XXX,,2,1,0,PMP,
PWSPIRU10KG,RM-PWD-Spirulina-Organic-10kg,RM-PWD-Spirulina-Organic-10kg,,PMP,1kg,136.5,0,136.5,MOFO,10kg PWDR,10,XXX,60,XXX,,2,1,0,PMP,
B0DF7VD6PZ,WHYZ-Organic-Spirulina-250g,WHYZ Organic Spirulina Powder 250g,PLC-2024,WHYZ,200g,3.91,0,3.91,MOFO,250-350g PWDR,10,45,60,30,,4,1,0,Active,
B0DF7TTBVK,WHYZ-Organic-Matcha-125g,WHYZ Organic Matcha Powder 125g,PLC-2024,WHYZ,125g,4.75,0,4.75,MOFO,100-150g PWDR,10,45,60,30,,4,1,0,Active,
B0DFCJCQXS,WHYZ-Black-Tea-Powder-4.5oz,WHYZ Black Tea Powder 4.5oz,PLC-2024,WHYZ,4.5oz,1.56,0,1.56,MOFO,100-150g PWDR,10,45,60,30,,4,1,0,Active,Black Tea Powder Batch
B0DBRH4D1G,TA-Acne-Body-Spray-8oz-DS-New,TA-Acne-Body-Spray-8oz-DS-New,PLC-2024,TreeActiv,8oz,3.67,0,3.67,WPP,8 oz FG,10,45,60,30,,2,1,1,Active,
B0DBRL8TRW,TA-Crepey-Skin-Treatment-8oz-DS-New,TA-Crepey-Skin-Treatment-8oz-DS-New,PLC-2024,TreeActiv,8oz,6.02,0,6.02,WPP,8 oz FG,10,45,60,30,,2,1,2,Active,
B0DFYD8L6N,WHYZ-Organic-Cordyceps-Powder-200g,WHYZ-Organic-Cordyceps-Powder-200g,PLC-2024,WHYZ,200g,10.94,0,10.94,MOFO,170-225g PWDR,10,45,60,30,,3,1,0,Active,
B0DG5LFWTT,WHYZ-Caffeine-Theanine-Capsules,WHYZ-Caffeine-Theanine-Capsules,PLC-2024,WHYZ,120 caps,4.85,0,4.85,MOFO,Caps WL,10,45,60,30,,3,1,0,Active,
B0DG5PHF23,WHYZ-Organic-Wheat-Grass-Powder-300g,WHYZ-Organic-Wheat-Grass-Powder-300g,PLC-2024,WHYZ,300g,5.61,0,5.61,MOFO,250-350g PWDR,10,45,60,30,,3,1,0,Active,
B0DGQ4QVGB,AY-Savior-Scrub-4oz,Sulfur & Bentonite Clay Acne Face Scrub 4oz,PLC-2024,Ayadara,4oz,4.24,0,4.24,MOFO,2-4 oz WL,10,45,60,30,,4,1,0,Active,
B0DGQ2L5VM,AY-Spot-Savior-Treatment-0.5oz,Acne Spot Treatment 0.5oz,PLC-2024,Ayadara,0.5oz,2.68,0,2.68,MOFO,0.5 oz WL,10,45,60,30,,3,1,0,Active,
B0DGPZNL29,AY-Face-Savior-Acne-Moisturizer-2oz,Salicylic Acid Acne Face Cream 2oz,PLC-2024,Ayadara,2oz,2.98,0,2.98,MOFO,2-4 oz WL,10,45,60,30,,3,1,0,Active,
TAPATCH2PC,TA-Acne-Patches-2PC,TA-Acne-Patches-2PC,,PMP,,0.58,0,0.58,MOFO,,10,XXX,60,XXX,,3,1,0,PMP,
,,,,,,,,,,,,,,,,,,,,
,,,,,,,,,,,,,,,,,,,,
,,,,,,,,,,,,,,,,,,,,